Wallace;Erick;Cockspur  Tunnel;25996752;67084;Seattle;6-444-825-7371;6-121-650-6336;Erick_Wallace9101@womeona.net
Logan;Emely;Anns  Way;1710573457;19134;Innsbruck;5-878-063-8010;1-223-350-0122;Emely_Logan9826@fuliss.net
Adams;Victoria;Bicknell  Walk;521599916;24737;Columbus;6-812-416-7673;1-672-761-6578;Victoria_Adams9497@acrit.org
Rowe;Callie;Cavell   Boulevard;1195197264;24674;San Antonio;0-433-017-3314;4-772-766-0545;Callie_Rowe8223@zorer.org
Rigg;Nicholas;Geary   Crossroad;1393746222;60969;Laredo;5-412-376-5231;5-334-145-3544;Nicholas_Rigg3246@joiniaa.com
Gaynor;Chadwick;Sundown Crossroad;583273589;60505;Pittsburgh;5-272-503-7033;1-314-421-0228;Chadwick_Gaynor6451@deons.tech
Yates;Rick;Becher  Avenue;758898528;79883;Hollywood;7-401-514-4145;0-110-307-8612;Rick_Yates3874@muall.tech
Pond;Savannah;Mariner   Grove;820561827;39124;Bridgeport;5-337-128-1550;7-248-061-8630;Savannah_Pond7871@cispeto.com
Evans;Peter;Balfour    Road;1483731968;12661;Portland;1-847-712-6770;5-152-170-1235;Peter_Evans2871@grannar.com
Broomfield;Fred;Camden  Crossroad;485379739;21971;New York;5-253-012-4827;4-013-403-7846;Fred_Broomfield3882@grannar.com
Tutton;Elijah;Lake Grove;1076177782;87047;Anaheim;6-108-880-6753;1-764-341-6431;Elijah_Tutton3577@naiker.biz
Michael;Evelynn;Garfield Lane;543709991;17447;Louisville;3-277-135-0201;8-316-837-4273;Evelynn_Michael2645@womeona.net
Newton;William;Eldon  Boulevard;1898775805;86681;Scottsdale;4-875-762-0551;2-033-626-7177;William_Newton6247@fuliss.net
Morley;Aileen;Tisbury  Route;1426418232;77210;Springfield;2-534-310-5436;1-104-383-5506;Aileen_Morley8024@brety.org
Pond;Rose;Bellenden   Pass;923377336;69457;Huntsville;7-683-872-1515;3-047-875-8001;Rose_Pond3369@womeona.net
Powell;Rihanna;Queen Hill;1176378350;91445;Fayetteville;6-623-003-0048;8-035-786-6145;Rihanna_Powell8569@bauros.biz
Gaynor;Isla;Linden Rue;1610470252;62116;Ontario;2-452-138-6180;5-133-203-5776;Isla_Gaynor6056@twace.org
Lomax;Ember;Sheffield Route;269424271;44341;Escondido;7-865-725-5688;4-525-003-2216;Ember_Lomax2532@corti.com
Ogilvy;Luke;Belfort  Route;799762279;40385;Milwaukee;4-662-674-6601;7-604-680-4070;Luke_Ogilvy1279@tonsy.org
Gilbert;Rick;Kingly  Lane;2067071886;29946;London;5-887-432-1744;1-436-786-7372;Rick_Gilbert1451@kideod.biz
Andrews;Harry;Cavendish Street;421879013;86331;Jacksonville;7-617-061-4621;3-485-246-3117;Harry_Andrews4955@acrit.org
Ryan;Sebastian;Magnolia Walk;1714504881;98300;Dallas;5-737-187-2425;5-068-583-0476;Sebastian_Ryan5834@bulaffy.com
Tanner;Doug;Enford   Grove;589638713;76782;New York;2-566-570-4815;8-282-055-8364;Doug_Tanner8333@ovock.tech
Carter;Bob;Belgrave  Road;576307662;81538;Tallahassee;4-624-018-1254;5-056-358-8722;Bob_Carter1714@typill.biz
Baxter;George;Clarks  Boulevard;1455884734;53486;Phoenix;3-334-560-4571;1-817-461-6038;George_Baxter9721@gembat.biz
Moreno;Harvey;Birkbeck  Way;1704904907;83416;Dallas;0-726-217-8731;3-107-480-4183;Harvey_Moreno3000@supunk.biz
Ianson;Carter;Clarges   Lane;1852247486;91096;Glendale;0-400-712-4372;8-740-452-2536;Carter_Ianson7101@brety.org
Uddin;Chadwick;Chatsworth  Tunnel;1551418162;10164;Fullerton;4-336-866-6686;0-025-713-3552;Chadwick_Uddin4944@gmail.com
Pratt;Joy;Lincoln Walk;667054119;34895;Bridgeport;7-243-125-8548;4-855-224-7823;Joy_Pratt3933@tonsy.org
Stevens;Jolene;Under  Tunnel;1594689895;97918;Seattle;5-116-716-8740;0-304-162-5243;Jolene_Stevens3343@corti.com
Nanton;Rosie;Berriman  Route;2060737814;69388;Glendale;5-477-373-1781;7-236-757-8816;Rosie_Nanton8703@eirey.tech
Upsdell;Rocco;Comet House  Hill;1214330095;55705;Portland;7-247-156-7743;5-241-546-4506;Rocco_Upsdell7035@hourpy.biz
Bailey;Agnes;Castlereagh   Road;1785890053;62645;Tallahassee;3-280-785-8000;6-228-252-0708;Agnes_Bailey7962@atink.com
Wood;Wade;Cobden  Way;67970198;79937;Wien;7-118-506-5154;8-504-356-1776;Wade_Wood2555@corti.com
Graham;Renee;Thomas More   Rue;2028792650;38203;Lincoln;2-071-106-4535;3-374-417-0788;Renee_Graham2673@deons.tech
Wright;Ruby;West Hill;934179114;96032;Innsbruck;2-455-132-5052;3-170-520-1784;Ruby_Wright1432@acrit.org
Selby;Daron;Union  Avenue;1923476047;93769;Fort Lauderdale;4-318-282-6546;2-688-057-4421;Daron_Selby3413@hourpy.biz
Hudson;Violet;Thurloe   Road;1779428150;15198;Kansas City;6-086-613-3632;3-685-772-7634;Violet_Hudson8331@ubusive.com
Squire;Goldie;Maple Road;1815484830;76133;Houston;3-446-812-4416;8-881-360-5603;Goldie_Squire8037@jiman.org
Rogers;Sofia;Camelot   Avenue;696353120;38709;Berlin;5-401-387-5831;2-683-111-3018;Sofia_Rogers7558@fuliss.net
Snow;Tyson;Walnut Grove;1916742510;99379;Rochester;7-723-780-6107;5-244-315-2282;Tyson_Snow7189@nickia.com
Pickard;Lorraine;Linden Avenue;1028788235;28977;Lincoln;3-848-582-1158;1-106-160-2756;Lorraine_Pickard2168@womeona.net
Lewin;Winnie;Chancellor  Hill;1823857634;34995;Sacramento;7-622-057-1200;3-344-521-4323;Winnie_Lewin4271@iatim.tech
Dixon;Alexander;Ellerman   Tunnel;1000519530;64880;Zurich;2-233-641-0204;4-571-410-5337;Alexander_Dixon4088@elnee.tech
Rixon;Caleb;Elystan  Walk;1885098233;90391;Glendale;4-601-117-6031;1-778-862-7182;Caleb_Rixon9814@irrepsy.com
Sawyer;Payton;Battersea   Drive;2101279411;37155;Madrid;1-608-603-8272;8-615-465-3406;Payton_Sawyer9329@eirey.tech
Gosling;Mark;Canon Vale;1632984050;80321;Ontario;0-601-701-6878;0-806-534-3357;Mark_Gosling2937@kideod.biz
Savage;Wade;Queensberry  Pass;308246855;83779;Chicago;0-278-145-6455;2-673-676-8533;Wade_Savage4799@twipet.com
Rosenbloom;Chadwick;Wake  Walk;64439302;13079;Houston;8-405-173-7858;8-206-844-2022;Chadwick_Rosenbloom831@vetan.org
Evans;Havana;Durham Alley;1444750501;93035;Louisville;5-722-665-8206;6-440-473-4268;Havana_Evans5192@sheye.org
Edmonds;Marigold;Clyde Grove;1685564429;77650;Salem;6-433-631-6826;1-421-248-6615;Marigold_Edmonds6767@mafthy.com
Payne;Adalie;Zealand Crossroad;155795926;58243;Chicago;2-408-156-4263;3-222-035-8400;Adalie_Payne684@deons.tech
Evans;Percy;Canon Grove;1889666711;88634;Portland;7-280-211-8223;3-223-828-8200;Percy_Evans4538@gembat.biz
Morgan;Javier;Coleman  Hill;1053794808;16311;Seattle;8-558-316-2402;6-567-531-8485;Javier_Morgan7414@brety.org
Vane;Esmeralda;Longmoore   Drive;1640995973;42621;Prague;1-046-535-0167;8-765-605-8344;Esmeralda_Vane4349@bretoux.com
Santos;Barney;Cardinal Avenue;907943386;33658;Oakland;6-455-118-8473;2-768-118-2378;Barney_Santos2237@muall.tech
Lowe;Denis;Castlereagh   Boulevard;2054921093;60209;Reno;4-022-104-8588;5-114-008-4517;Denis_Lowe8962@sheye.org
Uddin;Louise;Dutton   Boulevard;602824371;64973;Tulsa;2-666-450-1336;7-054-356-6338;Louise_Uddin5374@gompie.com
Woodcock;Andie;Westbourne Road;1037123957;61001;Minneapolis;3-324-375-3831;7-106-634-3551;Andie_Woodcock1168@acrit.org
Watson;Peter;Rosewood Hill;1836595339;16865;Venice;6-336-208-7124;0-764-163-6418;Peter_Watson7309@tonsy.org
Lunt;Anais;Belmont Park Route;1251856085;87207;Tokyo;2-106-503-3543;3-604-363-2105;Anais_Lunt8265@sheye.org
Victor;Rosalyn;Calshot   Pass;1579345270;52955;Columbus;3-465-564-6838;5-534-137-4035;Rosalyn_Victor9525@bauros.biz
Nanton;Ronald;Boadicea   Hill;162450857;70388;Portland;0-781-387-0842;6-521-262-8724;Ronald_Nanton2608@bauros.biz
Morrison;Peyton;Longmoore   Pass;76271660;25656;Lakewood;6-147-327-4041;7-321-116-6217;Peyton_Morrison5751@mafthy.com
Martin;Mayleen;Chalcot  Rue;1018660661;33930;San Bernardino;3-304-637-4436;7-333-270-1038;Mayleen_Martin7097@zorer.org
Adams;John;Central  Hill;892630490;81651;Saint Paul;1-240-254-6726;6-072-073-5521;John_Adams5029@joiniaa.com
Owens;Greta;Aspen Alley;1358884005;90054;Toledo;5-150-830-1542;1-187-661-3171;Greta_Owens3414@extex.org
Duvall;Bryon;Enderby   Rue;1558435216;70465;Rochester;3-518-111-4338;7-832-631-8826;Bryon_Duvall2384@kideod.biz
Russell;Johnny;Thomas Doyle   Road;1990860138;52025;New York;7-074-774-5086;4-148-375-6466;Johnny_Russell9526@mafthy.com
Lane;Roger;Carolina  Crossroad;596757572;53829;Madison;8-088-567-4537;3-072-258-0318;Roger_Lane1760@yahoo.com
Johnson;Roger;Biggerstaff   Walk;1980739892;78436;Moreno Valley;3-241-507-0727;2-855-537-0820;Roger_Johnson3056@infotech44.tech
Cobb;Liam;Meadow Rue;1409368110;71707;Los Angeles;5-186-216-5185;7-071-454-6887;Liam_Cobb5211@bretoux.com
Hopkins;Barry;Bekesbourne   Vale;933285240;49571;Henderson;5-157-673-2046;2-437-073-6186;Barry_Hopkins8299@naiker.biz
Kelly;Shelby;Linda   Lane;261980173;47124;Otawa;4-428-137-7047;4-127-461-6662;Shelby_Kelly2278@guentu.biz
Vollans;Hank;Catherine  Alley;1423438775;47032;Hollywood;0-060-177-4581;4-736-372-0636;Hank_Vollans12@jiman.org
Richards;Mayleen;Camdale  Vale;1594665328;73400;Louisville;0-730-473-7321;6-060-817-2756;Mayleen_Richards6069@gmail.com
Osmond;Abdul;Cheney  Vale;1066304627;40454;Lakewood;2-638-857-0713;1-421-437-1247;Abdul_Osmond7645@acrit.org
Murray;Ramon;Besson  Road;1270650156;70168;Detroit;8-243-308-5818;4-247-722-3330;Ramon_Murray3633@supunk.biz
Michael;Samantha;Cliff  Way;1842327987;10411;Arlington;4-422-771-2753;2-720-711-6612;Samantha_Michael4861@guentu.biz
Anderson;Lana;Vincent  Boulevard;8225661;93430;Salt Lake City;1-687-250-4104;7-504-508-6412;Lana_Anderson1002@gembat.biz
Pratt;Nathan;Marina  Boulevard;1759251718;99727;San Bernardino;5-201-324-5114;0-762-757-2324;Nathan_Pratt9493@bungar.biz
Parker;Boris;Chester      Vale;679351256;26309;San Francisco;0-513-832-6302;8-603-304-1445;Boris_Parker5868@nanoff.biz
Furnell;Caleb;Earl Rise Avenue;1392337949;51993;Detroit;8-181-477-1440;1-181-523-7515;Caleb_Furnell8076@cispeto.com
Noach;Alba;Cephas  Crossroad;1396607989;31585;Cincinnati;5-484-027-1680;0-530-388-2177;Alba_Noach6752@gmail.com
Long;Charlotte;Bagford   Walk;197389675;38835;San Bernardino;2-246-854-0458;1-568-586-7830;Charlotte_Long9042@naiker.biz
Parker;Gwenyth;Liverpool  Vale;710651399;45018;Scottsdale;5-172-723-2425;1-847-544-4023;Gwenyth_Parker5190@nanoff.biz
Stewart;Eduardo;Bel   Avenue;1801708973;91969;Rochester;2-353-857-6344;0-468-274-1672;Eduardo_Stewart2954@liret.org
Welsch;Candace;Egerton  Route;37190962;85507;Anaheim;3-384-836-7576;7-836-675-4861;Candace_Welsch3936@bungar.biz
Edwards;Tess;Kingly  Walk;1478937416;39047;Minneapolis;5-760-733-3720;8-542-281-2648;Tess_Edwards9230@twace.org
Mitchell;Alice;Dyott   Pass;750467601;13695;Norfolk;4-311-668-4200;3-133-504-3545;Alice_Mitchell8418@bauros.biz
James;Thea;Angrave    Lane;1765792747;73872;Murfreesboro;2-031-215-2264;3-748-557-4283;Thea_James5099@bungar.biz
Lynn;Barry;Clarges   Rue;207525622;63867;Valetta;3-510-812-8812;6-038-353-1024;Barry_Lynn5778@hourpy.biz
Moreno;Phillip;Monroe Lane;1047692159;57648;Kansas City;1-002-375-4553;6-167-047-3285;Phillip_Moreno1104@bungar.biz
Clarke;Caleb;Hickory Lane Avenue;797478840;96423;Valetta;5-058-368-6663;5-076-755-3001;Caleb_Clarke2580@grannar.com
Webster;Harmony;Angel  Route;277435702;98504;Salem;6-800-175-7764;2-147-156-7887;Harmony_Webster3549@elnee.tech
Glass;Elle;Cheltenham  Grove;1842274557;45436;Dallas;6-181-665-6852;3-683-420-4520;Elle_Glass2719@typill.biz
Adler;Chester;Birkin   Lane;658711232;42672;Quebec;2-858-463-7000;3-586-753-1326;Chester_Adler3424@muall.tech
Butler;Benny;Birkin   Hill;1281911502;88154;Scottsdale;2-206-340-5555;2-881-582-3410;Benny_Butler6813@womeona.net
Emmett;Rosalee;Belmore  Alley;808677381;39225;Madison;1-403-884-1246;5-105-088-1213;Rosalee_Emmett3916@liret.org
Fox;Jocelyn;Queen Caroline   Avenue;1800043422;51911;Tallahassee;3-004-776-8721;5-302-428-2110;Jocelyn_Fox3005@naiker.biz